종목명,종목코드,현재가,1개월,3개월,6개월,1년,3년,최고가,최저가,시가총액,총보수,설정일,설정액,순자산,최근분배금,지급일자,연분배횟수,배당수익률
TIGER 미국S&P500,e=360750,"25,080",2.98,12.14,25.11,18.19,100.53,"25,080","17,636","120,672",0.0068,2020/08/06,"48,090","120,270",60,2025/10/31,4,0.24
KODEX 200,e=069500,"59,020",5.50,35.56,57.19,86.63,104.18,"59,930","30,428","115,207",0.15,2002/10/14,"15,236","113,803",429,2025/04/30,4,0.24
KODEX 머니마켓액티브,e=488770,"104,375",0.17,0.63,1.31,3.01,,"104,375","101,340","87,293",0.05,2024/08/05,"83,659","87,288",,,,
KODEX CD금리액티브(합성),e=459580,"1,074,030",0.21,0.64,1.29,2.76,,"1,074,030","1,045,313","86,145",0.02,2023/06/02,"80,207","86,133",2328,2025/11/28,5,0.22
TIGER 미국나스닥100,e=133690,"167,650",2.93,14.65,28.45,24.63,151.92,"167,650","107,291","72,727",0.0068,2010/10/18,"4,338","72,291",222,2025/10/31,4,0.13
KODEX 미국S&P500,e=379800,"22,980",3.00,12.13,25.17,18.28,101.17,"22,980","16,142","66,906",0.0062,2021/04/07,"28,970","66,379",110,2025/10/31,3,0.48
TIGER CD금리투자KIS(합성),e=357870,"56,795",0.20,0.63,1.26,2.70,10.29,"56,795","55,302","51,646",0.03,2020/07/06,"45,467","51,639",65,2025/11/28,1,0.11
TIGER 200,e=102110,"59,065",5.57,35.58,57.22,86.75,104.57,"59,950","30,400","45,185",0.05,2008/04/03,"17,118","44,635",145,2025/10/31,4,0.25
KODEX 미국나스닥100,e=379810,"25,150",2.95,14.65,28.39,24.61,153.02,"25,150","16,099","44,729",0.0062,2021/04/07,"17,755","44,386",63,2025/10/31,3,0.25
KODEX KOFR금리액티브(합성),e=423160,"110,695",0.19,0.63,1.27,2.75,10.24,"110,695","107,736","42,869",0.05,2022/04/25,"38,727","42,859",242,2025/11/28,5,0.22
TIGER 미국테크TOP10 INDXX,e=381170,"31,730",2.85,15.95,38.53,31.80,249.45,"31,730","18,050","42,026",0.49,2021/04/08,"13,200","41,657",,,,
KODEX 200TR,e=278530,"21,185",5.53,35.63,57.22,86.90,105.08,"21,520","10,915","38,578",0.05,2017/11/20,"18,251","38,118",,,,
KODEX 종합채권(AA-이상)액티브,e=273130,"116,025",-0.66,-2.50,-1.87,-0.71,14.73,"119,800","115,730","34,516",0.045,2017/06/16,"29,749","34,583",,,,
ACE KRX금현물,e=411060,"28,145",2.85,23.90,36.00,62.78,157.97,"32,015","17,160","34,027",0.19,2021/12/13,"12,090","34,013",,,,
KODEX 레버리지,e=122630,"45,135",9.92,78.54,136.00,216.85,222.05,"47,300","12,715","33,964",0.64,2010/02/18,"7,525","33,216",,,,
TIGER 미국필라델피아반도체나스닥,e=381180,"28,270",4.80,34.44,58.13,50.98,207.48,"28,270","12,831","33,712",0.49,2021/04/08,"11,840","32,972",37,2025/10/31,4,0.13
TIGER 머니마켓액티브,e=0043B0,"101,045",0.17,0.62,1.31,,,"101,045","99,342","32,698",0.04,2025/04/16,"32,360","32,694",721,2025/11/28,1,0.71
TIGER MSCI Korea TR,e=310970,"25,415",5.13,38.96,61.83,87.15,99.65,"26,060","12,985","32,404",0.12,2018/11/19,"13,163","31,917",,,,
ACE 미국S&P500,e=360200,"25,340",2.95,12.05,25.04,18.07,100.46,"25,345","17,843","29,496",0.0047,2020/08/04,"11,620","29,371",60,2025/10/31,4,0.24
KODEX CD1년금리플러스액티브(합성),e=481050,"1,022,185",0.22,0.68,1.31,2.77,,"1,022,185","994,750","27,208",0.05,2024/04/19,"26,617","27,203",2331,2025/11/28,12,0.23
TIGER KOFR금리액티브(합성),e=449170,"109,675",0.20,0.63,1.27,2.76,10.21,"109,675","106,743","26,561",0.03,2022/11/28,"24,218","26,553",680,2025/11/28,1,0.62
ACE 미국나스닥100,e=367380,"28,825",2.91,14.64,28.39,24.64,151.97,"28,825","18,456","25,135",0.0062,2020/10/26,"8,680","24,868",38,2025/10/31,4,0.13
RISE 머니마켓액티브,e=455890,"54,950",0.12,0.56,1.23,2.98,,"54,950","53,360","23,746",0.05,2023/05/08,"21,607","23,744",,,,
TIGER 미국배당다우존스,e=458730,"12,880",5.09,6.47,15.47,2.03,,"12,930","11,145","22,553",0.01,2023/06/16,"17,500","22,603",38,2025/11/28,12,0.30
RISE 200,e=148020,"59,485",5.52,35.63,57.19,86.83,104.61,"60,465","30,594","22,337",0.017,2011/10/20,"9,091","22,066",160,2025/10/31,4,0.27
ACE 미국30년국채액티브(H),e=453850,"7,720",-1.66,0.17,2.88,-5.25,,"8,152","7,293","22,010",0.05,2023/03/10,"28,450","22,095",25,2025/11/28,12,0.32
TIGER 반도체TOP10,e=396500,"18,775",4.02,58.90,79.98,115.15,181.19,"19,470","8,483","19,460",0.45,2021/08/09,"10,228","19,038",15,2025/10/31,2,0.08
KODEX 단기채권PLUS,e=214980,"114,880",0.12,0.39,0.99,2.64,10.67,"114,880","111,931","19,442",0.15,2015/03/02,"16,924","19,443",238,2025/11/14,4,0.21
SOL 조선TOP3플러스,e=466920,"33,860",-3.28,2.50,35.03,161.21,,"39,800","12,519","19,368",0.45,2023/10/04,"5,346","18,948",42,2025/04/30,1,0.12
KODEX 삼성그룹,e=102780,"13,820",7.42,32.19,51.37,73.33,63.98,"13,820","7,533","18,698",0.25,2008/05/21,"6,597","18,641",182,2025/04/30,1,1.32
PLUS 고배당주,e=161510,"21,555",6.78,12.50,24.11,48.92,122.63,"21,615","13,329","18,488",0.23,2012/08/28,"9,101","18,615",78,2025/11/28,12,0.36
KODEX 코스닥150레버리지,e=233740,"12,255",9.18,32.77,63.95,79.69,77.74,"12,650","5,730","18,309",0.64,2015/12/16,"14,940","17,925",,,,
KODEX 2차전지산업,e=305720,"16,290",4.83,39.41,60.49,23.37,-20.78,"17,245","9,035","17,121",0.45,2018/09/11,"10,434","16,331",80,2025/04/30,1,0.49
KODEX 200타겟위클리커버드콜,e=498400,"13,665",5.00,27.89,44.78,65.86,,"13,902","7,756","16,767",0.39,2024/12/02,"12,014","16,565",196,2025/11/14,11,1.43
TIGER 차이나전기차SOLACTIVE,e=371460,"12,775",-3.84,10.80,36.27,35.83,-3.95,"13,795","8,705","16,597",0.49,2020/12/03,"12,976","16,309",,,,
TIGER CD1년금리액티브(합성),e=475630,"1,053,435",0.22,0.66,1.32,2.81,,"1,053,435","1,024,766","15,718",0.0098,2024/02/01,"14,921","15,716",6133,2025/11/28,1,0.58
KODEX 반도체,e=091160,"58,310",1.67,52.72,76.32,114.55,152.83,"61,050","26,325","15,656",0.45,2006/06/27,"2,290","15,379",416,2025/04/30,1,0.71
KODEX 미국AI전력핵심인프라,e=487230,"18,440",0.19,14.66,33.66,37.32,,"20,944","8,655","15,195",0.45,2024/07/05,"8,200","15,218",14,2025/10/31,4,0.08
KODEX 200선물인버스2X,e=252670,661,-12.10,-48.32,-61.97,-74.03,-79.18,"2,715",658,"14,461",0.64,2016/09/21,"218,770","14,885",,,,
TIGER 코리아TOP10,e=292150,"19,860",4.33,50.89,73.62,95.13,114.42,"20,290","9,498","14,240",0.15,2018/03/29,"6,853","13,942",55,2025/10/31,4,0.28
KODEX 코스닥150,e=229200,"15,950",5.04,16.64,31.06,41.20,58.53,"16,150","10,574","13,948",0.25,2015/09/30,"9,343","13,783",44,2025/04/30,1,0.28
RISE 미국S&P500,e=379780,"21,910",2.94,12.06,25.00,18.00,100.29,"21,920","15,425","13,518",0.0047,2021/04/07,"6,160","13,463",55,2025/09/30,4,0.25
ACE 테슬라밸류체인액티브,e=457480,"22,480",0.38,37.16,55.36,33.89,,"23,120","10,720","13,095",0.29,2023/05/15,"5,825","13,020",,,,
TIGER 미국30년국채커버드콜액티브(H),e=476550,"7,755",-1.22,0.07,3.28,-4.65,,"8,142","7,322","13,067",0.39,2024/02/23,"16,790","13,085",80,2025/11/28,12,1.03
RISE 미국나스닥100,e=368590,"27,940",2.95,14.74,28.40,24.71,152.21,"27,940","17,866","13,048",0.0062,2020/11/04,"4,650","12,914",38,2025/09/30,4,0.14
KIWOOM 200TR,e=294400,"76,885",5.44,35.49,57.18,86.34,104.48,"78,085","39,590","12,801",0.012,2018/04/20,"5,874","12,647",,,,
KODEX Top5PlusTR,e=315930,"41,300",5.73,52.96,78.21,103.20,186.31,"41,445","19,070","12,597",0.15,2019/01/21,"3,759","12,413",,,,
TIGER 2차전지테마,e=305540,"20,010",5.09,37.48,60.66,22.81,3.99,"21,345","11,105","12,216",0.50,2018/09/11,"6,109","11,659",10,2025/04/30,1,0.05
PLUS K방산,e=449450,"51,000",-2.36,-4.14,17.38,194.91,,"60,630","16,167","11,628",0.45,2023/01/04,"2,146","11,143",100,2025/04/30,1,0.20
TIGER 차이나항셍테크,e=371160,"9,220",-2.28,4.28,16.92,31.57,50.90,"10,379","6,829","11,207",0.09,2020/12/14,"12,090","11,047",15,2025/10/31,3,0.16
TIMEFOLIO 글로벌AI인공지능액티브,e=456600,"36,715",-0.88,17.41,38.13,42.89,,"39,300","17,785","10,970",0.80,2023/05/15,"2,976","10,804",,,,
KODEX AI전력핵심설비,e=487240,"24,470",-0.79,53.56,93.98,183.19,,"27,110","7,841","10,840",0.39,2024/07/08,"4,414","10,865",119,2025/04/30,1,0.49
TIMEFOLIO 미국나스닥100액티브,e=426030,"36,090",0.21,12.92,40.48,34.76,280.70,"37,880","18,555","10,690",0.80,2022/05/09,"2,950","10,585",,,,
TIGER 리츠부동산인프라,e=329200,"4,505",4.03,4.98,10.25,20.88,20.75,"4,505","3,639","10,585",0.08,2019/07/18,"11,864","10,601",33,2025/11/28,12,0.73
ACE 미국빅테크TOP7 Plus,e=465580,"23,635",3.37,16.74,39.52,34.90,,"23,635","13,580","10,577",0.30,2023/09/07,"4,430","10,384",,,,
PLUS 200,e=152100,"60,045",5.50,35.49,57.27,86.62,104.31,"60,940","30,891","10,568",0.017,2012/01/09,"4,189","10,440",140,2025/10/31,4,0.23
TIGER 미국나스닥100타겟데일리커버드콜,e=486290,"10,980",2.66,14.02,27.65,22.94,,"10,980","7,102","10,349",0.25,2024/06/21,"9,425","10,309",135,2025/11/28,12,1.23
1Q 머니마켓액티브,e=479080,"52,515",0.18,0.63,1.30,3.06,,"52,515","50,958","10,170",0.05,2024/04/01,"9,683","10,169",455,2025/11/14,1,0.87
TIGER 종합채권(AA-이상)액티브,e=451540,"54,975",-0.57,-2.42,-1.76,-0.69,,"56,706","54,731","10,123",0.03,2023/01/27,"9,207","10,137",700,2025/11/28,1,1.27
SOL 초단기채권액티브,e=469830,"53,940",0.19,0.62,1.33,3.11,,"53,940","52,315","10,062",0.05,2023/11/06,"9,327","10,060",,,,
KODEX MSCI Korea TR,e=278540,"20,215",5.15,38.98,62.89,87.44,99.26,"20,640","10,330","10,006",0.09,2017/11/08,"4,931","9,850",,,,
HANARO Fn K-반도체,e=395270,"19,830",6.10,60.89,92.41,133.42,179.69,"20,275","8,327","9,499",0.45,2021/07/29,"4,776","9,357",10,2025/07/31,3,0.05
KODEX 미국배당커버드콜액티브,e=441640,"12,905",2.77,10.98,20.93,15.67,59.99,"12,920","9,949","9,382",0.19,2022/09/23,"7,270","9,355",96,2025/11/14,12,0.74
TIGER KRX금현물,e=0072R0,"13,435",2.95,23.71,,,,"15,295","9,650","9,042",0.15,2025/06/20,"6,725","9,043",,,,
KODEX 미국30년국채타겟커버드콜(합성 H),e=481060,"8,405",-1.29,0.55,2.74,-4.78,,"8,835","7,945","8,859",0.25,2024/04/26,"10,540","8,915",83,2025/11/14,12,0.99
TIGER 미국배당다우존스타겟커버드콜2호,e=458760,"10,000",5.56,6.62,13.95,0.66,,"10,183","8,772","8,770",0.39,2023/06/16,"8,720","8,747",87,2025/11/28,12,0.87
TIGER 단기채권액티브,e=272580,"55,970",0.14,0.51,1.11,2.69,10.41,"55,970","54,501","8,694",0.07,2017/06/28,"7,767","8,693",437,2025/11/28,1,0.78
TIGER 미국필라델피아AI반도체나스닥,e=497570,"16,195",3.32,30.15,56.35,55.25,,"16,325","7,243","8,430",0.49,2024/11/22,"5,175","8,280",16,2025/10/31,4,0.10
TIGER 2차전지소재Fn,e=462010,"6,300",14.96,61.54,87.22,40.35,,"6,300","2,940","8,155",0.39,2023/07/12,"12,744","7,440",5,2025/04/30,1,0.08
TIGER 미국30년국채스트립액티브(합성 H),e=458250,"38,485",-2.63,0.19,2.71,-14.54,,"44,941","35,694","8,090",0.15,2023/05/25,"10,511","8,152",187,2025/11/28,1,0.49
TIGER 은행고배당플러스TOP10,e=466940,"21,490",4.62,14.29,30.87,57.41,,"21,920","12,363","7,984",0.30,2023/10/16,"3,783","8,110",72,2025/11/28,12,0.34
KODEX AI반도체,e=395160,"17,260",5.89,58.71,89.88,129.41,152.04,"17,730","7,297","7,905",0.45,2021/07/29,"4,508","7,713",122,2025/04/30,1,0.71
TIGER 우량회사채액티브,e=438330,"115,250",-0.47,-1.48,-0.39,2.06,18.52,"117,290","112,448","7,860",0.10,2022/08/18,"6,820","7,874",232,2025/11/28,8,0.20
KODEX 인버스,e=114800,"2,515",-5.81,-27.31,-37.13,-47.05,-49.35,"4,975","2,495","7,744",0.64,2009/09/15,"30,790","7,864",,,,
KODEX 미국빅테크10(H),e=314250,"57,480",0.97,5.18,16.88,24.91,215.37,"59,600","34,253","7,628",0.45,2019/01/08,"1,327","7,560",31,2025/10/31,1,0.05
SOL 미국배당다우존스,e=446720,"11,795",4.97,6.43,15.31,1.73,31.30,"11,880","10,210","7,584",0.01,2022/11/11,"6,410","7,592",35,2025/11/28,12,0.30
KODEX 단기채권,e=153130,"113,515",0.17,0.43,1.02,2.46,9.79,"113,515","110,801","7,405",0.15,2012/02/21,"6,523","7,404",252,2025/11/14,4,0.22
TIGER 조선TOP10,e=494670,"27,160",-0.95,5.71,37.42,162.45,,"31,288","10,030","7,360",0.35,2024/10/21,"2,721","7,193",55,2025/10/31,2,0.20
KODEX 미국반도체,e=390390,"36,710",4.78,31.89,57.62,53.28,288.22,"36,710","16,781","7,177",0.09,2021/06/28,"1,945","7,041",44,2025/10/31,4,0.12
ACE 글로벌반도체TOP4 Plus,e=446770,"46,180",2.85,47.56,75.80,84.57,372.19,"46,765","19,863","7,158",0.45,2022/11/14,"1,550","7,022",100,2025/10/31,4,0.22
KODEX 코스피,e=226490,"42,600",5.46,29.37,48.82,74.89,88.31,"43,135","23,472","6,944",0.15,2015/08/21,"3,059","6,863",563,2025/04/30,1,1.32
KODEX 미국30년국채액티브(H),e=484790,"8,940",-1.49,-0.02,3.16,-5.08,,"9,423","8,418","6,881",0.015,2024/06/14,"7,653","6,882",37,2025/11/28,12,0.41
KODEX 미국S&P500(H),e=449180,"15,630",2.09,5.74,14.41,11.63,67.45,"15,700","11,181","6,846",0.0099,2022/11/30,"4,380","6,821",38,2025/10/31,4,0.24
KODEX 26-12 회사채(AA-이상)액티브,e=473290,"10,875",-0.14,0.00,0.69,2.93,,"10,905","10,575","6,766",0.09,2023/12/11,"6,233","6,772",,,,
ACE 200,e=105190,"59,335",5.54,35.61,57.29,86.56,104.26,"60,240","30,485","6,735",0.017,2008/09/10,"2,139","6,652",165,2025/10/31,3,0.28
ACE 미국S&P500미국채혼합50액티브,e=438080,"14,310",1.81,8.41,15.36,11.62,47.53,"14,320","12,395","6,597",0.15,2022/08/25,"4,610","6,584",,,,
TIGER 테슬라채권혼합Fn,e=447770,"15,280",-0.36,8.71,13.13,10.29,61.32,"15,655","12,056","6,517",0.25,2022/11/25,"4,265","6,516",10,2025/10/31,4,0.07
TIGER 코리아배당다우존스,e=0052D0,"13,685",8.93,13.14,29.05,,,"13,780","9,731","6,473",0.25,2025/05/19,"4,695","6,545",50,2025/11/14,5,0.37
ACE 미국배당다우존스,e=402970,"13,080",4.93,6.30,15.17,1.78,32.09,"13,165","11,332","6,422",0.01,2021/10/19,"4,890","6,429",21,2025/11/14,12,0.16
KIWOOM 국고채10년,e=148070,"112,650",-0.99,-3.67,-2.64,-2.37,10.19,"118,445","112,570","6,133",0.05,2011/10/20,"5,444","6,154",4000,2024/12/30,1,3.55
RISE 200위클리커버드콜,e=475720,"10,830",3.97,21.57,39.39,52.36,,"11,082","6,534","6,027",0.30,2024/03/04,"5,694","6,005",160,2025/11/28,12,1.48
KODEX 2차전지산업레버리지,e=462330,"1,818",7.64,81.80,133.08,24.18,,"2,100",625,"6,016",0.49,2023/07/03,"33,090","5,505",,,,
KODEX 국고채10년액티브,e=471230,"110,270",-1.09,-3.67,-2.82,-2.94,,"116,230","110,235","5,948",0.015,2023/11/13,"5,385","5,967",,,,
KODEX 미국AI테크TOP10타겟커버드콜,e=483280,"13,105",2.81,15.78,39.25,34.56,,"13,172","7,384","5,806",0.39,2024/05/24,"4,430","5,768",162,2025/11/28,12,1.24
KIWOOM 200,e=069660,"59,020",5.56,35.59,57.30,86.84,104.12,"59,925","30,351","5,784",0.05,2002/10/14,764,"5,711",280,2025/10/31,2,0.47
TIGER 미국달러SOFR금리액티브(합성),e=456610,"61,985",1.01,6.64,10.27,7.85,,"62,260","56,039","5,740",0.05,2023/05/04,"4,579","5,747",41,2025/11/28,1,0.07
TIGER 2차전지TOP10,e=364980,"10,155",3.78,29.61,49.01,13.07,-32.51,"10,970","6,115","5,626",0.40,2020/10/06,"5,851","5,382",40,2025/04/30,1,0.39
RISE KIS국고채30년Enhanced,e=385560,"71,350",-1.80,-10.53,-10.47,-13.68,13.28,"85,848","70,365","5,578",0.05,2021/05/24,"7,818","5,596",1112,2025/09/09,2,1.56
KODEX 미국달러SOFR금리액티브(합성),e=455030,"12,605",1.00,6.46,10.31,7.72,,"12,665","11,412","5,576",0.15,2023/03/31,"4,435","5,585",49,2025/11/28,5,0.39
KODEX 국고채30년액티브,e=439870,"111,260",-1.58,-8.05,-7.97,-9.56,14.47,"127,140","110,380","5,557",0.05,2022/08/22,"4,995","5,572",,,,
ACE 머니마켓액티브,e=487340,"103,290",0.14,0.59,1.29,2.96,,"103,290","100,338","5,534",0.05,2024/07/05,"5,359","5,534",1377,2025/11/28,1,1.33
KODEX 한국부동산리츠인프라,e=476800,"4,940",4.10,5.09,8.12,17.71,,"4,940","4,086","5,469",0.09,2024/03/04,"5,635","5,469",31,2025/11/14,12,0.63
TIGER 미국테크TOP10타겟커버드콜,e=474220,"16,415",2.41,15.41,36.84,29.11,,"16,445","9,732","5,458",0.50,2024/01/12,"3,325","5,444",137,2025/11/14,12,0.83
KODEX 자동차,e=091180,"25,470",20.94,27.83,45.58,50.77,73.22,"25,495","16,143","5,425",0.45,2006/06/27,"1,547","5,447",584,2025/04/30,1,2.29
KODEX 200미국채혼합,e=284430,"17,000",2.81,16.99,28.78,34.33,43.45,"17,000","12,551","5,399",0.35,2017/11/28,"3,309","5,367",31,2025/11/14,4,0.18
TIGER 200 IT,e=139260,"54,530",6.11,64.52,93.88,113.49,102.71,"54,870","22,786","5,377",0.40,2011/04/06,"1,357","5,236",85,2025/10/31,4,0.16
HANARO 원자력iSelect,e=434730,"50,780",5.48,40.66,78.80,200.41,428.74,"52,980","16,215","5,307",0.45,2022/06/27,"1,121","5,379",190,2025/04/30,1,0.37
ACE 미국대형성장주액티브,e=0127P0,"10,305",,,,,,"10,310","9,695","5,266",,2025/11/07,"5,110","5,237",,,,
ACE 국고채10년,e=365780,"88,635",-1.02,-3.55,-2.55,-2.42,10.03,"93,040","88,570","5,162",0.02,2020/10/13,"5,824","5,177",3100,2024/12/30,1,3.50
KODEX 27-12 회사채(AA-이상)액티브,e=0007F0,"10,225",-0.24,-0.54,0.29,,,"10,300","10,000","5,124",0.09,2025/01/10,"5,012","5,129",,,,
SOL 미국양자컴퓨팅TOP10,e=0023A0,"28,685",1.58,67.60,97.76,,,"33,420","8,680","5,106",0.45,2025/03/07,"1,745","5,041",,,,
KODEX 미국머니마켓액티브,e=0048J0,"14,695",1.03,6.75,10.73,,,"14,760","13,227","5,092",0.05,2025/05/09,"4,851","5,095",60,2025/11/28,6,0.41
TIGER 27-04회사채(A+이상)액티브,e=480260,"53,020",-0.16,-0.25,0.55,2.97,,"53,278","51,393","5,059",0.10,2024/04/17,"4,771","5,061",581,2025/11/28,1,1.10
KODEX 미국나스닥100(H),e=449190,"19,770",2.14,8.17,17.47,17.94,110.99,"20,090","12,848","5,041",0.0099,2022/11/30,"2,545","4,995",25,2025/10/31,4,0.13
HANARO 200,e=293180,"59,260",5.53,35.52,57.11,86.36,104.69,"60,135","30,507","5,037",0.036,2018/03/29,"2,672","4,975",110,2025/10/31,4,0.19
KODEX 200액티브,e=494890,"17,020",5.45,35.26,56.89,87.73,,"17,300","8,796","5,021",0.15,2024/10/28,"2,953","4,961",38,2025/10/31,3,0.22
KODEX 금융고배당TOP10타겟위클리커버드콜,e=498410,"12,390",2.04,7.42,17.47,,,"13,078","7,885","4,981",0.39,2024/12/16,"3,987","5,089",154,2025/11/28,11,1.24
TIGER 미국달러단기채권액티브,e=329750,"13,520",0.81,6.40,10.10,7.42,26.36,"13,614","12,245","4,825",0.30,2019/07/22,"3,569","4,839",106,2025/11/28,2,0.78
SOL AI반도체소부장,e=455850,"17,315",4.06,36.99,58.85,88.07,,"18,120","8,813","4,736",0.45,2023/04/24,"2,671","4,697",24,2025/04/30,1,0.14
KODEX 증권,e=102970,"15,110",1.51,15.26,29.64,106.28,191.76,"16,430","7,009","4,692",0.45,2008/05/29,"3,417","4,726",372,2025/04/30,1,2.46
TIGER 인도니프티50,e=453870,"14,170",1.07,8.27,8.64,2.52,,"14,500","12,259","4,648",0.19,2023/04/12,"3,260","4,654",35,2025/10/31,4,0.25
KODEX MSCI선진국,e=251350,"37,130",2.78,11.46,22.51,19.57,92.06,"37,210","26,787","4,641",0.30,2016/08/08,"1,250","4,642",107,2025/10/31,4,0.29
TIGER 200 중공업,e=139230,"14,115",-0.39,17.13,51.69,180.41,398.06,"16,160","4,865","4,596",0.40,2011/04/06,"2,623","4,575",25,2025/10/31,2,0.18
KoAct 바이오헬스케어액티브,e=462900,"22,510",19.04,25.06,53.13,78.09,,"24,200","11,900","4,592",0.50,2023/08/02,"2,068","4,699",26,2024/04/30,,0.12
ACE 미국나스닥100미국채혼합50액티브,e=438100,"15,205",1.88,9.70,16.83,14.32,59.97,"15,220","12,820","4,546",0.15,2022/08/25,"2,990","4,536",,,,
KODEX 인도Nifty50,e=453810,"14,445",1.69,8.46,8.62,2.55,,"14,750","12,503","4,536",0.19,2023/04/19,"3,140","4,552",45,2025/10/31,4,0.31
TIGER 반도체,e=091230,"60,970",1.80,53.72,77.35,116.75,155.01,"63,590","27,288","4,487",0.46,2006/06/27,628,"4,418",55,2025/10/31,3,0.09
RISE 미국AI밸류체인데일리고정커버드콜,e=490590,"13,640",-0.21,21.30,51.11,45.17,,"14,430","6,790","4,413",0.25,2024/09/27,"3,235","4,340",227,2025/11/28,12,1.66
KODEX 미국나스닥100데일리커버드콜OTM,e=494300,"10,420",2.66,14.75,27.60,18.35,,"10,420","7,249","4,314",0.25,2024/10/16,"4,120","4,265",167,2025/11/28,12,1.60
TIGER 차이나휴머노이드로봇,e=0053L0,"13,230",0.99,10.70,38.05,,,"14,944","9,065","4,313",0.49,2025/05/23,"3,235","4,155",14,2025/10/31,2,0.11
TIGER 미국S&P500타겟데일리커버드콜,e=482730,"12,045",2.59,11.67,24.39,16.94,,"12,055","8,548","4,270",0.25,2024/05/20,"3,540","4,259",99,2025/11/28,12,0.82
TIGER 미국S&P500(H),e=448290,"16,210",2.11,5.86,14.62,11.66,68.42,"16,275","11,590","4,263",0.07,2022/11/23,"2,630","4,246",40,2025/10/31,3,0.25
TIGER TDF2045,e=0025N0,"11,740",2.49,9.51,19.80,,,"11,750","8,860","4,185",0.19,2025/03/21,"3,565","4,171",,,,
KODEX 로봇액티브,e=445290,"25,220",12.14,47.36,66.63,111.86,159.71,"25,220","11,380","4,174",0.50,2022/11/10,"1,669","4,106",152,2025/04/30,1,0.60
TIGER 코리아AI전력기기TOP3플러스,e=0117V0,"13,180",1.07,,,,,"14,440","10,250","4,152",0.40,2025/10/20,"3,250","4,158",,,,
KODEX 국고채3년,e=114260,"62,400",-0.16,-1.03,-0.53,1.07,10.42,"63,175","61,625","4,151",0.15,2009/07/29,"3,447","4,155",333,2018/12/12,,0.53
ACE 베트남VN30(합성),e=245710,"31,185",7.89,13.98,47.38,47.17,79.12,"31,375","19,070","4,085",0.70,2016/06/28,"1,310","4,103",,,,
KODEX 미국서학개미,e=473460,"24,415",-0.49,17.48,38.10,34.09,,"25,700","12,939","4,028",0.25,2023/12/22,"1,635","4,000",12,2025/10/31,3,0.05
TIGER 화장품,e=228790,"3,395",-3.82,-12.61,-10.54,36.97,54.88,"4,359","2,374","4,025",0.50,2015/10/06,"7,756","3,991",9,2025/10/31,2,0.27
TIGER CD금리플러스액티브(합성),e=499660,"1,000,910",0.22,0.66,1.31,,,"1,000,910","974,315","4,011",0.0098,2024/12/11,"4,007","4,010",2040,2025/11/28,12,0.20
KODEX 골드선물(H),e=132030,"24,575",5.36,16.17,22.97,52.83,108.09,"25,510","15,795","3,981",0.68,2010/09/30,"1,620","3,975",,,,
TIGER 글로벌AI전력인프라액티브,e=491010,"20,435",0.10,24.11,53.47,44.52,,"22,250","9,140","3,903",0.49,2024/09/09,"1,905","3,889",,,,
RISE 글로벌원자력,e=442320,"39,385",0.22,26.19,56.97,88.35,334.23,"45,145","15,270","3,899",0.40,2022/09/26,970,"3,934",,,,
TIMEFOLIO K바이오액티브,e=463050,"18,830",14.33,26.59,53.40,72.67,,"20,450","10,275","3,870",0.80,2023/08/16,"2,050","3,980",,,,
TIGER 미국나스닥100커버드콜(합성),e=441680,"11,085",2.90,13.65,21.27,12.31,67.35,"11,090","8,469","3,863",0.37,2022/09/20,"3,485","3,865",111,2025/11/28,12,1.00
TIGER 글로벌AI액티브,e=466950,"23,985",0.65,19.98,42.64,27.85,,"25,215","12,500","3,838",0.79,2023/10/10,"1,600","3,807",,,,
KODEX TDF2050액티브,e=434060,"16,395",1.93,7.81,16.30,14.45,64.05,"16,440","12,861","3,812",0.30,2022/06/28,"2,325","3,804",40,2025/10/31,4,0.24
SOL 미국30년국채커버드콜(합성),e=473330,"9,435",0.09,8.14,15.91,8.10,,"9,615","7,905","3,807",0.25,2023/12/26,"4,035","3,831",130,2025/11/28,12,1.38
KODEX 반도체레버리지,e=494310,"26,770",0.37,119.79,187.85,287.13,,"30,305","6,350","3,761",0.49,2024/10/21,"1,405","3,656",,,,
RISE 미국30년국채엔화노출(합성 H),e=472870,"8,260",-2.07,0.17,1.09,-8.48,,"9,448","7,860","3,750",0.15,2023/12/22,"4,540","3,802",21,2025/11/28,12,0.25
TIGER 미국필라델피아반도체레버리지(합성),e=423920,"44,295",8.05,74.53,135.59,84.98,473.84,"44,295","10,234","3,747",0.58,2022/04/14,846,"3,641",36,2025/10/31,4,0.08
SOL 미국원자력SMR,e=0051G0,"17,305",-0.69,22.38,54.37,,,"21,000","9,765","3,721",0.45,2025/05/16,"2,130","3,786",,,,
PLUS 고배당주채권혼합,e=251600,"14,420",2.96,5.12,9.27,19.40,47.88,"14,420","11,737","3,677",0.20,2016/08/10,"2,565","3,664",45,2025/11/28,12,0.31
KODEX 은행,e=091170,"12,755",3.69,14.51,26.69,52.91,133.44,"13,120","7,466","3,661",0.30,2006/06/27,"2,712","3,732",42,2025/11/28,12,0.33
TIGER 일본니케이225,e=241180,"28,950",-0.09,16.88,34.65,31.06,87.93,"29,640","18,880","3,572",0.35,2016/03/29,"1,234","3,624",200,2024/12/30,1,0.69
KODEX 미국배당다우존스,e=489250,"11,080",5.12,6.43,15.36,1.84,,"11,130","9,596","3,568",0.0099,2024/08/09,"3,210","3,570",21,2025/11/14,12,0.19
TIGER 미국테크TOP10 INDXX(H),e=472160,"18,525",1.95,9.26,26.45,24.25,,"18,960","10,810","3,538",0.49,2023/12/01,"1,885","3,468",,,,
ACE 미국달러SOFR금리(합성),e=456880,"12,565",0.96,6.57,10.32,7.85,,"12,630","11,350","3,511",0.05,2023/04/21,"2,799","3,512",,,,
TIGER 미국테크TOP10채권혼합,e=472170,"14,140",0.85,5.50,14.11,11.48,,"14,230","11,340","3,471",0.25,2023/12/01,"2,455","3,463",51,2025/11/28,2,0.36
ACE 미국30년국채액티브,e=476760,"10,150",-0.69,6.11,11.82,-1.04,,"10,579","8,857","3,471",0.05,2024/03/08,"3,420","3,498",35,2025/11/28,12,0.34
SOL 코리아메가테크액티브,e=444200,"31,645",6.23,34.49,61.91,134.36,203.75,"32,820","12,986","3,465",0.55,2022/10/17,"1,097","3,425",115,2025/04/30,1,0.36
RISE 글로벌자산배분액티브,e=461490,"14,780",1.13,7.30,13.08,14.48,,"14,960","12,565","3,444",0.01,2023/06/23,"2,330","3,437",,,,
TIGER 토탈월드스탁액티브,e=0060H0,"12,010",2.78,11.73,,,,"12,030","9,837","3,411",0.25,2025/06/20,"2,840","3,400",50,2025/10/31,2,0.42
RISE 코리아밸류업,e=495050,"16,965",3.88,34.97,52.79,83.58,,"17,295","8,904","3,334",0.008,2024/11/01,"1,888","3,296",40,2025/11/14,10,0.24
KODEX 은선물(H),e=144600,"10,010",20.38,40.49,64.50,76.39,121.46,"10,015","5,240","3,333",0.68,2011/07/15,"3,330","3,255",,,,
TIGER 차이나테크TOP10,e=0047A0,"13,010",-1.55,11.20,34.75,,,"14,309","9,167","3,298",0.49,2025/05/09,"2,530","3,256",30,2025/10/31,2,0.23
PLUS 머니마켓액티브,e=477050,"52,950",0.16,0.57,1.30,3.08,,"52,950","51,380","3,287",0.05,2024/03/22,"3,104","3,286",,,,
RISE 200TR,e=361580,"33,320",5.56,35.61,57.36,86.67,104.54,"33,825","17,125","3,282",0.012,2020/08/20,"1,490","3,240",,,,
TIGER 글로벌자율주행&전기차SOLACTIVE,e=394660,"15,065",4.55,23.79,49.38,35.84,60.10,"15,065","8,605","3,260",0.49,2021/07/16,"2,164","3,216",,,,
KODEX 테슬라커버드콜채권혼합액티브,e=475080,"9,170",0.78,7.90,13.06,7.68,,"9,170","7,400","3,255",0.39,2024/01/19,"3,550","3,262",114,2025/11/28,12,1.24
TIGER 지주회사,e=307520,"16,510",3.97,17.62,21.53,79.52,95.64,"17,130","8,817","3,186",0.50,2018/11/07,"1,993","3,199",45,2025/10/31,3,0.27
KODEX 고배당주,e=279530,"14,370",7.99,11.92,22.96,46.70,76.23,"14,440","9,506","3,104",0.30,2017/10/16,"2,161","3,129",50,2025/11/28,12,0.35
SOL 금융지주플러스고배당,e=484880,"17,370",3.51,15.88,29.32,62.59,,"17,942","9,759","3,101",0.30,2024/06/24,"1,817","3,159",55,2025/11/28,12,0.32
TIGER 중장기국채,e=302190,"51,070",-0.64,-2.35,-1.67,-0.93,9.60,"52,648","50,955","3,095",0.15,2018/07/19,"3,030","3,101",515,2025/11/28,2,1.01
TIGER 삼성그룹펀더멘털,e=138520,"18,800",8.08,32.87,53.39,80.25,88.72,"18,800","9,696","3,079",0.15,2011/03/07,"1,373","3,070",20,2025/10/31,2,0.11
TIGER 미국나스닥100(H),e=448300,"20,410",2.10,8.18,17.67,18.36,112.60,"20,735","13,240","3,062",0.07,2022/11/23,"1,500","3,039",28,2025/10/31,3,0.14
SOL 중단기회사채(A-이상)액티브,e=0016X0,"51,195",0.04,0.11,1.01,,,"51,330","50,015","3,053",0.05,2025/02/17,"2,982","3,054",,,,
KODEX 미국AI테크TOP10,e=485540,"15,155",2.96,16.52,41.12,35.94,,"15,335","8,300","3,046",0.30,2024/06/21,"2,005","3,015",11,2025/10/31,4,0.07
TIGER 미국투자등급회사채액티브(H),e=458260,"48,980",0.44,0.26,3.91,2.42,,"49,763","45,491","3,030",0.14,2023/05/25,"3,013","2,955",220,2025/11/28,12,0.45
TIGER 코스피,e=277630,"43,085",5.09,29.23,48.50,74.45,87.17,"43,655","23,760","3,016",0.15,2017/08/30,"1,661","2,984",95,2025/10/31,4,0.22
KODEX 코리아밸류업,e=495850,"16,995",4.43,34.88,53.42,84.52,,"17,288","8,906","3,000",0.008,2024/11/01,"1,696","2,958",20,2025/11/28,12,0.12
TIGER 글로벌리튬&2차전지SOLACTIVE(합성),e=394670,"10,210",5.37,30.23,84.46,48.94,2.10,"10,350","5,240","2,953",0.49,2021/07/16,"2,892","2,922",,,,
TIGER 코리아원자력,e=0091P0,"10,915",8.28,12.12,,,,"12,120","9,135","2,947",0.50,2025/08/18,"2,687","3,049",,,,
SOL 미국배당미국채혼합50,e=490490,"10,735",3.12,5.86,12.50,4.19,,"10,845","9,444","2,898",0.15,2024/09/20,"2,700","2,913",24,2025/11/14,12,0.22
SOL 미국테크TOP10,e=481190,"17,145",2.82,15.92,38.77,32.17,,"17,145","9,744","2,880",0.05,2024/05/17,"1,660","2,832",25,2025/04/30,1,0.15
TIGER 바이오TOP10,e=364970,"8,625",0.76,7.21,19.46,23.47,40.79,"9,070","6,711","2,859",0.40,2020/10/06,"3,353","2,856",10,2025/04/30,1,0.12
KIWOOM 미국양자컴퓨팅,e=498270,"14,305",-1.85,30.22,44.19,,,"17,240","6,711","2,825",0.49,2024/12/16,"1,955","2,817",10,2025/07/31,2,0.07
TIGER 미국나스닥100채권혼합Fn,e=435420,"13,765",0.73,3.30,7.31,6.89,43.06,"13,875","12,145","2,815",0.25,2022/07/01,"2,045","2,811",9,2025/10/31,4,0.07
SOL 미국AI전력인프라,e=486450,"20,610",-0.96,21.20,40.20,50.08,,"22,340","10,021","2,793",0.45,2024/07/12,"1,350","2,805",61,2025/04/30,1,0.30
TIGER 코스닥150,e=232080,"16,280",4.73,16.45,30.45,40.63,57.90,"16,500","10,813","2,768",0.19,2015/11/11,"1,796","2,735",35,2025/04/30,1,0.21
KODEX 미국휴머노이드로봇,e=0038A0,"16,215",2.95,20.41,40.10,,,"16,295","9,146","2,740",0.45,2025/04/11,"1,685","2,718",10,2025/10/31,2,0.06
SOL 200TR,e=295040,"21,970",5.52,35.45,56.98,86.27,104.85,"22,305","11,300","2,702",0.05,2018/04/20,"1,243","2,670",,,,
RISE AI&로봇,e=469070,"13,095",12.89,33.21,32.27,71.05,,"13,590","7,096","2,698",0.40,2023/10/23,"1,884","2,638",5,2025/04/30,1,0.04
TIMEFOLIO Korea플러스배당액티브,e=441800,"19,475",2.99,22.97,38.98,58.65,141.36,"20,114","10,796","2,691",0.80,2022/09/26,"1,345","2,686",93,2025/11/28,12,0.48
TIGER 미국나스닥100레버리지(합성),e=418660,"37,055",5.12,29.54,59.55,42.74,395.72,"37,055","15,835","2,668",0.25,2022/02/18,720,"2,638",,,,
TIGER 미국AI빅테크10타겟데일리커버드콜,e=493810,"12,540",2.84,17.57,40.83,32.02,,"12,540","7,089","2,640",0.25,2024/10/11,"2,105","2,624",158,2025/11/14,12,1.26
ACE 엔비디아채권혼합,e=448540,"25,260",-0.65,5.16,12.19,12.84,152.47,"26,045","19,705","2,627",0.07,2022/11/28,"1,040","2,631",,,,
TIGER 28-04 회사채(A+이상)액티브,e=0094K0,"98,985",-0.36,-0.94,,,,"100,140","98,825","2,624",0.10,2025/08/22,"2,651","2,626",,,,
KODEX 미국달러선물인버스2X,e=261260,"4,880",-1.61,-11.11,-16.15,-10.79,-29.38,"5,865","4,825","2,578",0.45,2016/12/26,"5,282","2,574",,,,
KODEX TRF3070,e=329650,"14,405",0.80,2.81,6.24,6.94,33.35,"14,430","13,047","2,564",0.24,2019/07/03,"1,792","2,566",26,2025/11/14,4,0.18
SOL 팔란티어커버드콜OTM채권혼합,e=0040Y0,"10,020",1.05,6.08,8.87,,,"10,087","8,592","2,525",0.35,2025/04/18,"2,520","2,521",200,2025/11/28,7,2.00
KODEX 코스피100,e=237350,"46,115",5.31,37.23,59.54,87.08,105.34,"46,995","23,667","2,513",0.15,2016/01/26,913,"2,481",604,2025/04/30,1,1.31
KODEX 미국나스닥100레버리지(합성 H),e=409820,"16,495",3.81,15.96,36.44,30.34,279.63,"17,115","7,250","2,507",0.30,2021/12/07,"1,520","2,469",,,,
KODEX 미국30년국채울트라선물(H),e=304660,"7,665",-1.54,-0.07,2.61,-5.66,-17.93,"8,120","7,235","2,506",0.30,2018/09/10,"3,270","2,519",,,,
SOL 미국AI소프트웨어,e=481180,"15,725",0.83,8.67,15.37,14.50,,"16,450","10,189","2,445",0.45,2024/05/10,"1,555","2,407",21,2025/04/30,1,0.13
KODEX 바이오,e=244580,"12,475",12.08,23.58,42.33,65.97,58.19,"12,895","7,042","2,405",0.45,2016/05/12,"2,006","2,447",15,2025/04/30,1,0.12
KODEX 차이나휴머노이드로봇,e=0048K0,"10,855",-0.37,0.65,25.23,,,"12,325","8,120","2,394",0.45,2025/05/12,"2,205","2,318",6,2025/10/31,2,0.06
KIWOOM 인도Nifty50(합성),e=200250,"26,450",1.87,8.18,8.05,1.48,34.33,"27,030","23,120","2,381",0.29,2014/06/25,900,"2,388",,,,
TIGER K방산&우주,e=463250,"28,485",0.78,-4.86,14.26,166.53,,"33,335","9,878","2,379",0.45,2023/07/24,850,"2,291",15,2025/04/30,1,0.05
TIGER 미국채10년선물,e=305080,"13,365",0.63,5.41,10.67,6.67,13.76,"13,520","11,952","2,352",0.29,2018/08/28,"1,760","2,360",65,2025/11/28,1,0.49
TIGER 헬스케어,e=143860,"47,310",4.16,11.80,26.48,34.36,77.88,"49,340","33,691","2,347",0.40,2011/07/18,668,"2,372",10,2025/04/30,1,0.02
ACE 26-06 회사채(AA-이상)액티브,e=461270,"11,045",0.18,0.49,1.08,3.08,,"11,050","10,705","2,344",0.05,2023/06/19,"2,125","2,344",167,2025/11/28,1,1.51
TIGER 미국AI빅테크10,e=490090,"15,450",2.90,17.85,40.90,33.19,,"15,450","8,570","2,341",0.30,2024/08/23,"1,510","2,317",,,,
KODEX 코스닥150선물인버스,e=251340,"2,845",-5.48,-15.33,-24.93,-31.69,-46.22,"4,400","2,805","2,336",0.64,2016/08/09,"8,210","2,386",,,,
RISE 비메모리반도체액티브,e=388420,"16,275",1.31,41.21,60.27,88.77,128.68,"17,215","8,303","2,324",0.50,2021/06/09,"1,386","2,311",50,2025/07/31,1,0.31
KODEX 차이나CSI300,e=283580,"15,430",0.26,10.44,32.98,25.59,32.70,"15,640","11,063","2,284",0.12,2017/11/29,"1,480","2,252",120,2025/10/31,3,0.78
RISE 2차전지액티브,e=422420,"7,665",2.40,34.95,46.84,10.69,-19.70,"8,360","4,680","2,270",0.35,2022/04/07,"2,995","2,201",50,2023/04/28,,0.65
KODEX 2차전지핵심소재10,e=461950,"6,240",11.93,56.78,81.13,36.89,,"6,290","3,010","2,265",0.39,2023/07/03,"3,950","2,089",31,2025/04/30,1,0.50
KODEX 금융고배당TOP10,e=0089D0,"11,125",3.14,15.54,,,,"11,515","9,574","2,236",0.30,2025/08/11,"1,991","2,277",28,2025/11/14,1,0.25
KODEX 금액티브,e=0064K0,"12,980",5.92,23.21,,,,"13,100","9,405","2,212",0.30,2025/06/13,"1,704","2,216",,,,
ACE KPOP포커스,e=475050,"10,480",-6.14,-19.38,-15.45,27.79,,"13,600","7,766","2,175",0.30,2024/01/29,"1,762","2,202",5,2025/04/30,1,0.05
TIMEFOLIO 글로벌우주테크&방산액티브,e=478150,"19,140",-3.16,6.30,17.75,42.36,,"20,730","13,255","2,163",0.80,2024/04/22,"1,130","2,173",,,,
SOL 코리아고배당,e=0105E0,"11,050",7.95,,,,,"11,145","9,612","2,138",0.15,2025/09/22,"1,951","2,152",95,2025/11/14,1,0.86
RISE 미국테크100데일리고정커버드콜,e=491620,"11,370",2.34,14.72,31.26,26.06,,"11,370","7,029","2,132",0.25,2024/09/27,"1,875","2,117",193,2025/11/28,12,1.70
TIGER 미국초단기(3개월이하)국채,e=0046A0,"10,165",0.94,6.46,10.04,,,"10,215","9,204","2,115",0.09,2025/04/25,"2,081","2,118",27,2025/11/28,7,0.27
ACE 엔비디아밸류체인액티브,e=483320,"15,545",6.22,42.22,81.39,59.27,,"15,545","5,910","2,114",0.45,2024/06/10,"1,360","2,067",,,,
1Q 단기금융채액티브,e=463290,"108,800",0.14,0.51,1.16,2.87,,"108,800","105,770","2,111",0.08,2023/08/02,"1,940","2,111",,,,
KODEX AI반도체핵심장비,e=471990,"16,395",12.37,53.30,82.78,111.80,,"16,625","7,089","2,107",0.39,2023/11/20,"1,311","2,079",101,2025/04/30,1,0.62
KODEX 삼성전자채권혼합,e=448330,"12,960",3.18,13.94,20.73,26.25,33.58,"13,065","10,137","2,100",0.07,2022/11/28,"1,614","2,095",22,2025/11/14,12,0.17
KODEX K방산TOP10,e=0080G0,"9,635",1.00,-5.95,,,,"11,280","8,865","2,081",0.45,2025/07/14,"2,137","2,007",,,,
TIGER 배당커버드콜액티브,e=472150,"13,380",2.18,23.73,36.88,62.74,,"13,516","8,014","2,012",0.50,2023/12/11,"1,519","1,996",255,2025/11/28,12,1.91
TIGER 차이나CSI300,e=192090,"12,845",0.35,10.59,32.90,25.41,33.47,"13,025","9,150","2,010",0.63,2014/01/27,775,"1,969",80,2024/12/30,1,0.62
TIGER 증권,e=157500,"10,305",1.18,15.53,28.89,88.88,224.67,"11,245","5,216","2,003",0.40,2012/05/15,752,"2,018",265,2025/04/30,1,2.57
SOL 미국배당다우존스(H),e=452360,"10,950",3.98,0.24,5.63,-3.79,,"11,342","9,592","1,993",0.05,2023/03/17,"1,820","2,001",32,2025/11/28,12,0.29
KODEX 신재생에너지액티브,e=385510,"30,300",1.80,17.44,42.35,95.42,174.53,"33,215","13,727","1,970",0.50,2021/05/24,650,"1,992",209,2025/04/30,1,0.69
SOL 미국S&P500,e=433330,"20,950",2.90,11.99,24.93,17.87,99.28,"20,950","14,746","1,927",0.05,2022/06/17,920,"1,923",17,2025/11/28,12,0.08
TIGER 차이나과창판STAR50(합성),e=414780,"11,530",-2.45,13.48,51.71,41.65,52.82,"12,300","7,200","1,926",0.09,2022/01/11,"1,670","1,905",,,,
ACE 미국빅테크7+데일리타겟커버드콜(합성),e=480020,"13,315",4.24,17.69,42.14,27.87,,"13,315","7,988","1,904",0.45,2024/04/18,"1,430","1,878",164,2025/11/14,12,1.23
TIMEFOLIO 차이나AI테크액티브,e=0043Y0,"13,955",-1.03,12.36,41.60,,,"14,995","9,460","1,891",0.80,2025/05/12,"1,355","1,840",,,,
ACE 미국대형가치주액티브,e=0127M0,"10,285",,,,,,"10,360","9,815","1,820",,2025/11/07,"1,745","1,794",,,,
ACE 미국AI테크핵심산업액티브,e=0118Z0,"9,440",1.89,,,,,"10,330","8,185","1,794",0.45,2025/10/24,"1,900","1,776",,,,
KODEX 차이나항셍테크,e=372330,"9,180",-2.44,4.07,16.71,31.58,50.66,"10,354","6,793","1,786",0.12,2020/12/14,"1,925","1,752",11,2025/10/31,3,0.12
1Q 미국S&P500,e=0026S0,"12,295",2.89,11.97,24.78,,,"12,300","8,663","1,734",0.0055,2025/03/14,"1,410","1,729",28,2025/09/15,2,0.23
SOL 2차전지소부장Fn,e=455860,"5,725",10.95,50.07,72.96,33.64,,"5,740","2,920","1,723",0.45,2023/04/24,"2,799","1,611",5,2025/04/30,1,0.09
1Q K200액티브,e=451060,"19,190",5.32,35.25,57.14,86.66,,"19,500","9,861","1,670",0.18,2023/01/30,875,"1,649",39,2025/10/31,1,0.20
TIGER 200TR,e=310960,"34,350",5.50,35.42,57.10,86.48,103.92,"34,860","17,675","1,649",0.09,2018/11/19,655,"1,628",,,,
TIGER 반도체TOP10레버리지,e=488080,"15,670",5.91,138.15,200.77,285.49,,"17,390","3,600","1,645",0.49,2024/07/22,"1,050","1,580",,,,
PLUS 고배당주위클리커버드콜,e=489030,"9,250",5.11,-5.45,0.83,7.12,,"10,790","7,508","1,628",0.30,2024/08/12,"1,790","1,653",138,2025/11/28,12,1.49
TIGER 미국AI전력SMR,e=0123G0,"8,420",-7.32,,,,,"9,685","7,700","1,621",,2025/10/31,"1,920","1,649",,,,
TIGER 미국MSCI리츠(합성 H),e=182480,"12,515",0.40,-0.51,2.72,-3.82,15.56,"13,046","10,705","1,608",0.24,2013/10/08,"1,285","1,610",40,2024/12/30,12,0.16
SOL 조선TOP3플러스레버리지,e=0080Y0,"17,355",-9.42,-1.11,,,,"24,900","10,215","1,579",0.50,2025/07/11,910,"1,521",,,,
TIGER 코리아밸류업,e=496080,"17,015",4.52,35.47,53.60,85.10,,"17,348","8,897","1,574",0.008,2024/11/01,894,"1,550",20,2025/11/28,11,0.12
TIGER 2차전지TOP10레버리지,e=412570,"1,652",5.29,57.33,99.52,2.61,-77.58,"1,982",675,"1,574",0.29,2021/12/14,"9,525","1,459",,,,
ACE 미국500데일리타겟커버드콜(합성),e=480030,"11,040",3.25,11.79,24.00,13.96,,"11,040","8,231","1,568",0.45,2024/04/18,"1,420","1,563",138,2025/11/14,12,1.25
KODEX 미국10년국채액티브(H),e=0091C0,"10,075",-0.05,0.00,,,,"10,185","9,897","1,560",0.15,2025/08/14,"1,548","1,564",31,2025/11/14,2,0.31
KODEX 미국배당다우존스타겟커버드콜,e=483290,"9,550",5.54,6.83,13.22,-0.38,,"9,878","8,430","1,557",0.39,2024/05/24,"1,630","1,562",93,2025/11/28,12,0.97
1Q 미국S&P500미국채혼합50액티브,e=0052S0,"11,600",1.89,8.94,,,,"11,630","9,966","1,554",0.15,2025/06/09,"1,340","1,554",54,2025/10/31,1,0.47
TIGER 소프트웨어,e=157490,"9,595",-0.52,3.06,16.09,17.32,6.96,"11,090","7,318","1,549",0.40,2012/05/15,775,"1,552",45,2025/04/30,1,0.47
TIGER 미국배당다우존스타겟데일리커버드콜,e=0008S0,"9,230",5.34,6.37,15.12,,,"9,250","7,993","1,546",0.25,2025/01/17,"1,675","1,548",89,2025/11/14,10,0.96
KODEX 삼성그룹밸류,e=213610,"12,915",7.71,27.30,47.43,70.14,56.47,"12,920","7,287","1,537",0.09,2015/01/07,715,"1,541",173,2025/04/30,1,1.34
TIGER 글로벌혁신블루칩TOP10,e=464930,"20,315",4.77,19.75,36.53,27.89,,"20,490","12,715","1,534",0.49,2023/08/25,755,"1,518",,,,
KoAct 글로벌AI&로봇액티브,e=471040,"21,220",-0.40,27.52,47.00,36.95,,"22,025","10,850","1,485",0.50,2023/11/17,700,"1,470",,,,
TIMEFOLIO 미국나스닥100채권혼합50액티브,e=0019K0,"11,695",0.09,6.17,15.91,,,"11,920","8,995","1,438",0.25,2025/03/24,"1,230","1,434",,,,
PLUS 한화그룹주,e=0000J0,"24,310",-4.20,-4.27,9.90,,,"28,775","10,280","1,434",0.19,2024/12/23,611,"1,400",60,2025/04/30,1,0.25
ACE 미국WideMoat동일가중,e=309230,"31,100",6.40,12.52,24.75,11.81,80.10,"31,100","22,431","1,387",0.40,2018/10/23,446,"1,385",70,2025/10/31,4,0.23
TIMEFOLIO 코스피액티브,e=385720,"14,595",3.77,24.48,37.62,66.14,86.52,"15,250","8,555","1,387",0.80,2021/05/24,940,"1,367",,,,
KODEX 배당가치,e=325020,"19,795",7.09,19.70,34.08,50.76,92.30,"19,865","12,193","1,366",0.30,2019/05/30,686,"1,376",158,2025/10/31,4,0.80
TIGER 미국AI소프트웨어TOP4Plus,e=0102A0,"11,240",-0.88,,,,,"12,770","9,900","1,366",0.49,2025/09/05,"1,215","1,347",,,,
TIGER 골드선물(H),e=319640,"26,025",5.11,16.08,22.44,52.02,105.73,"27,050","16,830","1,353",0.39,2019/04/08,520,"1,353",,,,
ACE 미국빅테크TOP7 Plus레버리지(합성),e=465610,"43,490",6.86,32.96,85.26,58.93,,"43,490","15,640","1,348",0.60,2023/09/07,310,"1,325",,,,
KODEX 코리아소버린AI,e=0115E0,"10,805",3.20,,,,,"11,415","10,135","1,313",0.45,2025/10/20,"1,237","1,319",,,,
TIGER 인도빌리언컨슈머,e=479730,"11,150",0.68,1.64,14.38,5.02,,"11,439","9,107","1,299",0.49,2024/05/13,"1,160","1,308",21,2025/10/31,4,0.19
RISE 대형고배당10TR,e=315960,"37,500",6.02,56.38,80.20,113.49,180.69,"37,550","16,760","1,275",0.07,2019/01/21,344,"1,251",,,,
TIGER BBIG,e=364960,"7,165",-0.07,5.29,21.96,17.18,1.92,"7,630","5,281","1,272",0.40,2020/10/06,"1,825","1,267",10,2025/04/30,1,0.14
ACE 중국본토CSI300,e=168580,"35,485",0.85,10.20,33.43,26.44,33.05,"35,580","26,090","1,270",0.70,2012/11/21,408,"1,246",,,,
TIGER 차이나반도체FACTSET,e=396520,"9,820",-0.91,15.39,52.96,39.79,48.45,"10,505","6,105","1,265",0.49,2021/08/06,"1,288","1,243",,,,
PLUS 국공채머니마켓액티브,e=491230,"51,930",0.08,0.45,1.11,2.86,,"51,970","50,490","1,259",0.05,2024/09/06,"1,212","1,260",,,,
TIGER 국고채30년스트립액티브,e=451530,"52,125",-1.97,-11.64,-12.15,-15.70,,"64,377","51,385","1,256",0.15,2023/01/27,"1,205","1,260",612,2025/11/28,1,1.17
TIGER 미국다우존스30,e=245340,"34,375",3.04,11.69,22.72,11.77,63.86,"34,714","26,454","1,244",0.35,2016/06/29,362,"1,242",36,2025/11/28,12,0.10
KODEX K원자력SMR,e=0098F0,"11,390",11.45,,,,,"12,150","9,400","1,242",0.45,2025/09/15,"1,050","1,293",,,,
KoAct K수출핵심기업TOP30액티브,e=0074K0,"12,540",3.59,12.92,,,,"13,490","10,165","1,241",0.50,2025/07/07,968,"1,223",,,,
RISE 수소경제테마,e=367770,"18,510",7.09,23.81,45.75,128.18,102.65,"18,880","7,864","1,240",0.45,2020/10/28,681,"1,243",85,2025/04/30,1,0.46
SOL CD금리&머니마켓액티브,e=497880,"50,050",0.24,0.67,1.41,3.11,,"50,050","48,539","1,210",0.05,2024/11/25,"1,209","1,210",105,2025/11/28,12,0.21
TIMEFOLIO 미국S&P500액티브,e=426020,"28,100",2.44,16.65,35.55,27.61,186.88,"28,500","16,550","1,203",0.80,2022/05/09,422,"1,182",,,,
ACE 원자력TOP10,e=433500,"42,755",10.12,31.68,58.38,163.59,315.66,"44,315","15,483","1,197",0.30,2022/06/27,325,"1,225",215,2025/04/30,1,0.50
ACE AI반도체포커스,e=469150,"25,345",2.53,62.05,84.19,123.87,,"27,010","10,965","1,191",0.30,2023/10/16,509,"1,163",140,2025/04/30,1,0.55
TIGER 미디어컨텐츠,e=228810,"5,395",-6.01,-22.37,-25.23,6.08,-16.85,"7,700","4,821","1,185",0.50,2015/10/06,"1,635","1,195",5,2025/04/30,1,0.09
KODEX 미국나스닥100선물(H),e=304940,"29,180",1.96,7.89,17.00,16.60,104.06,"29,685","19,045","1,182",0.05,2018/08/28,405,"1,173",,,,
TIGER 미국S&P500배당귀족,e=429000,"12,985",4.46,5.78,13.53,2.96,31.61,"13,020","11,216","1,175",0.25,2022/05/16,905,"1,175",20,2025/11/28,12,0.15
KODEX 미국S&P500데일리커버드콜OTM,e=0005A0,"10,020",2.70,11.94,23.75,,,"10,025","7,451","1,172",0.25,2025/01/03,"1,160","1,162",122,2025/11/28,11,1.22
HANARO Fn조선해운,e=441540,"30,400",-0.54,2.32,30.67,125.59,239.44,"34,710","13,058","1,170",0.45,2022/09/14,385,"1,154",120,2025/04/30,1,0.39
SOL 의료기기소부장Fn,e=464610,"10,595",0.24,-13.58,-12.55,24.38,,"13,330","8,084","1,160",0.45,2023/08/21,"1,095","1,173",15,2025/04/30,1,0.14
1Q 미국나스닥100미국채혼합50액티브,e=0111P0,"10,660",2.01,,,,,"10,670","9,955","1,151",0.05,2025/09/26,"1,080","1,147",,,,
TIGER 글로벌AI&로보틱스 INDXX,e=464310,"15,445",4.22,16.13,27.33,12.16,,"15,590","10,040","1,151",0.49,2023/08/16,745,"1,145",,,,
RISE 고배당,e=266160,"20,665",7.63,24.70,41.99,64.89,110.65,"20,720","11,792","1,126",0.20,2017/04/13,547,"1,132",55,2025/10/31,4,0.27
TIGER 레버리지,e=123320,"44,940",9.92,78.83,137.65,218.95,232.64,"47,005","12,610","1,124",0.022,2010/04/09,250,"1,094",,,,
RISE 코스닥150,e=270810,"15,830",4.94,16.57,30.56,41.02,57.37,"16,060","10,496","1,118",0.18,2017/06/15,709,"1,105",10,2025/04/30,1,0.06
RISE 코스닥150선물레버리지,e=278240,"13,855",8.84,32.97,64.65,81.23,85.60,"14,305","6,415","1,115",0.60,2017/08/30,805,"1,083",,,,
TIGER 미국S&P500동일가중,e=488500,"11,865",4.40,7.75,17.04,8.04,,"11,880","9,356","1,115",0.20,2024/07/22,940,"1,116",44,2025/10/31,4,0.37
KODEX 코리아배당성장채권혼합,e=237370,"14,670",1.94,2.65,5.77,14.44,30.84,"14,693","12,711","1,086",0.19,2016/01/26,790,"1,089",36,2025/11/14,12,0.25
TIGER 여행레저,e=228800,"3,465",7.28,-5.71,4.52,16.83,-12.28,"3,900","2,794","1,085",0.50,2015/10/06,"1,580","1,072",45,2025/04/30,1,1.30
SOL 팔란티어미국채커버드콜혼합,e=0040X0,"11,755",1.53,12.06,24.18,,,"12,048","8,766","1,081",0.35,2025/04/18,920,"1,076",250,2025/11/28,7,2.13
SOL 미국TOP5채권혼합40 Solactive,e=447620,"15,190",1.00,6.71,15.87,13.44,54.73,"15,295","12,280","1,078",0.25,2022/11/25,710,"1,077",9,2025/04/30,1,0.06
SOL 자동차TOP3플러스,e=466930,"15,510",18.31,31.00,55.49,59.64,,"15,510","9,095","1,070",0.45,2023/10/04,672,"1,066",305,2025/04/30,1,1.97
TIGER 현대차그룹+펀더멘털,e=138540,"43,700",14.91,19.28,45.37,77.11,136.84,"43,700","24,207","1,066",0.15,2011/03/10,698,"1,061",130,2025/10/31,2,0.30
TIGER 리츠부동산인프라TOP10액티브,e=0086B0,"10,625",5.51,4.12,,,,"10,625","9,845","1,063",0.06,2025/07/28,999,"1,060",54,2025/11/14,3,0.51
KODEX iShares미국하이일드액티브,e=468380,"11,885",1.75,6.86,12.90,10.05,,"11,935","10,480","1,060",0.15,2023/10/17,892,"1,062",63,2025/11/28,12,0.53
RISE 메타버스,e=401170,"7,515",1.01,5.10,17.61,31.04,16.26,"7,935","5,220","1,060",0.45,2021/10/12,"1,415","1,071",35,2023/04/28,,0.47
TIGER 200선물레버리지,e=267770,"34,605",10.22,78.84,136.37,218.06,223.56,"36,175","9,645","1,038",0.022,2017/04/24,300,"1,009",,,,
RISE ESG사회책임투자,e=290130,"22,860",5.01,43.37,66.96,93.76,137.70,"23,275","11,111","1,029",0.30,2018/02/26,457,"1,013",200,2025/07/31,2,0.87
KODEX 미국나스닥AI테크액티브,e=411420,"20,520",0.54,14.03,36.27,31.77,235.90,"21,420","11,161","1,026",0.50,2021/12/20,500,"1,016",9,2025/10/31,3,0.04
TIGER AI반도체핵심공정,e=471760,"11,555",2.48,26.56,38.97,55.85,,"12,260","6,730","1,017",0.45,2023/11/20,874,"1,018",115,2025/04/30,1,1.00
KODEX 미국10년국채선물,e=308620,"12,630",0.48,5.16,10.45,6.40,9.21,"12,795","11,320","1,010",0.09,2018/10/17,800,"1,015",,,,
KODEX 헬스케어,e=266420,"21,420",4.08,12.12,27.39,35.60,84.13,"22,330","15,123","1,007",0.09,2017/03/27,473,"1,018",43,2025/04/30,1,0.20
SOL 화장품TOP3플러스,e=0008T0,"12,940",-1.15,-7.27,-10.14,,,"16,455","9,520","1,003",0.45,2025/01/20,821,989,,,,
PLUS 자사주매입고배당주,e=0098N0,"11,075",8.77,,,,,"11,090","9,704","1,002",0.30,2025/09/15,921,"1,005",35,2025/11/14,2,0.32
KODEX TRF5050,e=329660,"17,685",1.29,5.10,10.48,10.51,49.05,"17,730","14,999",990,0.17,2019/07/03,566,991,31,2025/11/14,4,0.18
RISE 미국배당100데일리고정커버드콜,e=490600,"8,870",4.24,3.97,13.09,0.43,,"8,900","7,770",989,0.25,2024/09/20,"1,100",978,120,2025/11/28,12,1.35
RISE IT플러스,e=326240,"24,605",5.35,41.53,65.63,70.17,62.89,"25,300","13,045",984,0.40,2019/06/19,405,965,60,2025/04/30,1,0.24
ACE 미국반도체데일리타겟커버드콜(합성),e=480040,"12,915",5.37,35.14,59.33,45.43,,"12,920","6,552",982,0.45,2024/04/18,760,966,157,2025/11/14,12,1.22
TIGER 미국나스닥바이오,e=203780,"31,050",9.68,25.28,48.81,30.16,50.57,"31,785","20,000",969,0.30,2014/08/26,341,968,10,2024/12/30,1,0.03
RISE AI반도체TOP10,e=0093A0,"16,650",2.08,50.20,,,,"17,500","10,180",957,0.20,2025/08/25,590,946,,,,
WON 반도체밸류체인액티브,e=474590,"18,750",3.08,59.30,89.68,141.78,,"19,185","7,655",956,0.31,2024/01/15,507,937,,,,
ACE 미국30년국채엔화노출액티브(H),e=476750,"8,855",-2.48,0.38,0.78,-8.47,,"10,172","8,470",947,0.15,2024/03/08,"1,040",932,23,2025/11/28,12,0.26
RISE 미국AI밸류체인TOP3Plus,e=485690,"17,850",-1.90,21.64,52.50,48.01,,"19,055","8,745",946,0.01,2024/07/19,525,927,,,,
HANARO CAPEX설비투자iSelect,e=454320,"33,570",4.50,33.45,68.44,155.18,,"35,540","12,605",940,0.45,2023/04/17,298,942,140,2025/04/30,1,0.42
RISE 플랫폼테마,e=427120,"7,400",0.41,-6.21,-9.54,11.70,4.89,"9,905","6,255",940,0.45,2022/05/16,"1,235",941,,,,
SOL 미국S&P500ESG,e=399110,"19,765",3.40,13.40,27.42,17.32,100.80,"19,870","13,827",929,0.15,2021/09/10,470,926,44,2025/10/31,4,0.22
RISE 미국휴머노이드로봇,e=0036R0,"16,565",4.84,27.62,45.63,,,"16,565","9,460",919,0.40,2025/04/11,540,887,,,,
KODEX 메타버스액티브,e=401470,"7,725",-0.96,-4.57,-0.26,17.61,2.86,"8,720","6,250",896,0.50,2021/10/12,"1,178",906,48,2025/04/30,1,0.62
TIMEFOLIO K컬처액티브,e=410870,"11,130",-2.54,-16.57,-9.70,24.36,73.77,"13,820","8,440",890,0.80,2021/12/14,766,897,,,,
SOL K방산,e=490480,"25,005",-0.44,-2.00,19.27,160.97,,"29,025","8,968",888,0.45,2024/09/30,349,853,55,2025/04/30,1,0.22
KODEX WTI원유선물(H),e=261220,"13,920",0.51,-3.37,2.09,-1.80,4.31,"16,635","12,380",887,0.35,2016/12/23,"1,275",880,,,,
SOL 국제금,e=0066W0,"13,125",5.93,24.47,,,,"13,235","9,400",886,0.05,2025/06/13,675,887,,,,
KODEX K조선TOP10,e=0115D0,"9,295",-1.59,,,,,"10,705","8,725",883,0.45,2025/10/27,"1,028",868,,,,
PLUS 신흥국MSCI(합성 H),e=195980,"12,325",0.74,7.41,16.66,23.44,35.96,"12,650","8,810",858,0.50,2014/05/12,696,857,110,2015/04/30,,0.89
ACE 포스코그룹포커스,e=469170,"6,260",7.56,29.40,37.32,40.33,,"6,575","3,986",858,0.30,2023/10/16,"1,234",827,10,2025/10/31,4,0.16
KODEX TDF2040액티브,e=433980,"15,275",1.60,6.02,13.09,11.65,52.70,"15,325","12,620",855,0.25,2022/06/28,560,854,50,2025/10/31,4,0.33
TIGER 인터넷TOP10,e=365000,"4,790",2.02,4.36,25.07,22.21,5.27,"5,215","3,361",843,0.40,2020/10/06,"1,838",849,10,2025/04/30,1,0.21
KODEX 글로벌비만치료제TOP2 Plus,e=476070,"11,385",8.90,22.59,25.92,2.52,,"11,870","8,419",825,0.45,2024/02/08,715,820,27,2025/10/31,4,0.24
RISE 2차전지TOP10인버스(합성),e=465350,"22,280",-9.02,-35.64,-45.12,-33.07,,"46,000","22,175",824,0.49,2023/09/07,740,886,,,,
ACE 구글밸류체인액티브,e=483340,"15,750",4.48,26.96,57.58,44.50,,"15,750","7,665",811,0.45,2024/06/10,515,791,,,,
HANARO 전력설비투자,e=491820,"29,420",-0.94,53.07,92.73,178.05,,"32,690","9,620",809,0.35,2024/09/23,303,812,115,2025/04/30,1,0.39
KIWOOM 미국S&P500,e=449770,"20,130",2.97,11.81,24.63,17.86,,"20,135","14,201",805,0.021,2022/12/16,400,804,47,2025/10/31,3,0.23
SOL 한국형글로벌반도체액티브,e=423170,"31,275",3.90,44.52,69.88,74.79,255.52,"31,275","13,868",801,0.55,2022/04/08,256,785,85,2025/04/30,1,0.27
ACE 주주환원가치주액티브,e=447430,"15,600",7.59,2.74,4.83,29.55,67.20,"16,843","11,739",796,0.70,2022/11/14,518,803,40,2025/10/31,3,0.26
KODEX TRF7030,e=329670,"21,375",1.81,7.63,15.53,14.63,66.05,"21,485","16,967",791,0.10,2019/07/03,376,793,35,2025/11/14,4,0.16
TIGER 코스닥150 레버리지,e=233160,"13,745",8.66,32.42,64.12,80.86,83.14,"14,270","6,420",790,0.32,2015/12/15,575,768,,,,
ACE 200TR,e=332500,"39,480",5.53,35.67,57.29,86.93,104.56,"40,175","20,280",790,0.01,2019/08/27,297,780,,,,
RISE 5G테크,e=367760,"22,430",11.84,63.84,105.59,151.48,184.46,"22,430","8,651",785,0.45,2020/10/28,349,767,55,2025/04/30,1,0.25
TIGER 중국소비테마,e=150460,"7,450",1.29,-5.51,0.27,39.20,14.02,"8,408","5,154",776,0.50,2011/12/16,567,778,15,2025/10/31,2,0.20
KODEX 미국AI소프트웨어TOP10,e=0041D0,"15,955",1.24,13.43,27.22,,,"16,580","9,624",774,0.45,2025/04/17,475,745,6,2025/10/31,2,0.04
RISE 미국S&P500(H),e=453330,"16,450",2.05,5.64,14.45,11.69,,"16,540","11,770",773,0.0047,2023/03/17,470,770,15,2025/11/28,12,0.09
TIGER Fn신재생에너지,e=377990,"18,295",-0.87,30.31,62.26,142.07,100.54,"20,810","6,976",768,0.50,2021/03/04,412,778,55,2025/04/30,1,0.30
ACE 미국30년국채선물레버리지(합성 H),e=452250,"5,560",-2.80,-1.07,3.06,-15.44,,"6,570","5,110",759,0.25,2023/02/02,"1,365",768,,,,
ACE 미국주식베스트셀러,e=473590,"21,170",-0.17,17.09,19.47,20.39,,"23,495","12,580",752,0.30,2023/12/26,350,736,,,,
TIGER 차이나바이오테크SOLACTIVE,e=371470,"9,090",1.28,-7.01,33.87,54.59,21.12,"9,875","5,320",749,0.49,2020/12/03,824,757,,,,
TIGER 차이나전기차레버리지(합성),e=456680,"10,010",-8.17,17.76,76.23,63.43,,"11,530","5,030",734,0.58,2023/05/04,733,714,,,,
ACE 글로벌인컴TOP10,e=460960,"11,825",2.32,8.40,17.42,10.40,,"11,885","9,977",733,0.24,2023/07/07,620,732,60,2025/11/28,12,0.51
TIGER Fn메타버스,e=400970,"7,700",-2.35,-1.03,6.21,18.91,5.55,"8,375","5,807",732,0.45,2021/10/12,930,743,20,2025/04/30,1,0.26
RISE TDF2050액티브,e=442570,"15,855",2.16,10.45,19.39,18.76,62.62,"15,865","12,130",721,0.01,2022/09/20,455,719,,,,
RISE 중국본토대형주CSI100,e=174360,"23,825",0.74,11.51,35.52,28.51,32.91,"23,990","17,110",715,0.65,2013/05/29,290,683,,,,
KODEX 미국달러선물인버스,e=261270,"7,655",-0.71,-5.38,-7.77,-4.19,-11.35,"8,350","7,610",712,0.45,2016/12/26,930,711,,,,
KODEX 친환경조선해운액티브,e=445150,"30,290",-0.72,-0.90,32.47,137.12,212.56,"34,650","12,387",712,0.50,2022/11/10,231,706,189,2025/04/30,1,0.62
ACE 미국배당퀄리티+커버드콜액티브,e=0049M0,"11,530",2.94,10.37,20.08,,,"11,540","9,529",709,0.15,2025/05/09,615,706,68,2025/11/28,6,0.59
KODEX TDF2030액티브,e=433970,"13,720",0.92,3.22,8.15,7.10,39.36,"13,780","12,168",707,0.20,2022/06/28,515,706,60,2025/10/31,4,0.44
RISE 버크셔포트폴리오TOP10,e=475350,"14,555",3.08,11.75,22.57,12.96,,"14,745","11,450",691,0.01,2024/02/22,475,694,,,,
SOL 미국나스닥100,e=476030,"15,875",2.95,14.56,28.39,24.43,,"15,875","10,177",691,0.05,2024/03/08,435,686,18,2025/10/31,4,0.11
KODEX 미국원자력SMR,e=0132H0,"11,180",,,,,,"11,405","10,325",676,,2025/11/21,605,696,,,,
KIWOOM 미국나스닥100(H),e=453080,"20,445",2.15,8.19,17.46,17.67,,"20,755","13,333",675,0.04,2023/03/10,330,670,26,2025/10/31,3,0.13
RISE 2차전지TOP10,e=465330,"11,570",7.43,45.26,64.70,24.64,,"11,980","6,270",668,0.07,2023/09/11,"1,101",628,10,2025/04/30,1,0.09
KODEX 미국달러선물,e=261240,"14,955",0.94,6.56,10.04,7.63,27.06,"15,020","13,525",661,0.25,2016/12/26,442,662,,,,
1Q 미국나스닥100,e=0069M0,"12,570",2.82,14.48,,,,"12,570","10,045",654,0.0055,2025/06/20,520,650,6,2025/09/15,1,0.05
TIGER 코스피고배당,e=210780,"20,415",6.75,8.84,19.89,41.03,78.05,"20,701","13,675",649,0.29,2014/12/04,352,653,70,2025/10/31,4,0.34
KODEX TDF2060액티브,e=0082V0,"11,110",2.02,8.07,,,,"11,120","9,916",644,0.30,2025/07/18,580,643,10,2025/10/31,1,0.09
TIGER 미국배당다우존스타겟커버드콜1호,e=458750,"11,495",5.25,6.47,14.44,1.05,,"11,616","10,021",644,0.39,2023/06/16,560,646,50,2025/11/14,12,0.43
ACE 삼성그룹섹터가중,e=108450,"22,945",7.17,31.41,52.51,75.64,61.13,"22,945","12,525",642,0.15,2009/01/23,126,639,270,2025/04/30,1,1.18
HANARO Fn K-POP&미디어,e=395290,"7,925",-5.93,-17.53,-15.38,15.69,9.02,"10,065","6,520",642,0.45,2021/07/29,793,651,30,2024/04/30,,0.38
KODEX 코리아배당성장,e=211900,"21,930",5.66,10.88,22.37,51.83,93.22,"22,164","14,013",636,0.15,2014/12/16,314,643,30,2025/11/28,4,0.14
KODEX K콘텐츠,e=266360,"12,970",-3.28,-4.39,5.02,11.81,4.32,"15,605","10,645",636,0.45,2017/03/27,487,640,67,2025/04/30,1,0.52
TIGER 차이나글로벌리더스TOP3+,e=0067V0,"11,715",-1.68,1.43,,,,"13,355","9,730",633,0.49,2025/06/13,540,645,,,,
TIGER 경기방어,e=139280,"12,445",4.67,8.11,18.33,30.01,41.02,"12,510","9,307",632,0.40,2011/04/06,415,634,45,2025/10/31,3,0.36
RISE AI전력인프라,e=0101N0,"12,855",-1.83,,,,,"14,345","9,560",630,0.20,2025/09/22,486,637,,,,
SOL 미국넥스트테크TOP10액티브,e=0118S0,"9,235",-1.39,,,,,"10,585","7,695",628,0.55,2025/10/24,660,615,,,,
TIGER 200선물인버스2X,e=252710,703,-11.79,-48.16,-61.86,-73.82,-78.92,"2,875",698,623,0.022,2016/09/21,"8,860",638,,,,
PLUS 고배당주위클리고정커버드콜,e=0018C0,"12,090",6.06,5.55,15.27,,,"12,546","8,273",617,0.30,2025/03/04,492,623,150,2025/11/14,9,1.24
PLUS 글로벌원자력밸류체인,e=0007G0,"15,295",-3.32,17.20,52.11,,,"18,845","6,700",612,0.39,2025/01/10,390,606,,,,
TIGER 배당성장,e=211560,"27,470",6.14,11.60,22.45,52.12,95.70,"27,665","17,508",610,0.15,2014/12/16,300,614,90,2025/10/31,3,0.33
RISE 미국30년국채커버드콜(합성),e=472830,"9,345",-0.60,7.58,14.92,6.95,,"9,535","7,936",607,0.25,2023/12/13,650,612,80,2025/11/28,12,0.86
TIGER 200IT레버리지,e=243880,"89,625",10.34,157.40,246.24,291.46,181.09,"92,955","17,240",605,0.69,2016/05/12,68,574,,,,
RISE 삼성그룹Top3채권혼합,e=448630,"11,740",1.95,14.54,18.83,21.40,20.19,"11,890","9,590",599,0.20,2022/11/28,510,596,10,2025/04/30,1,0.09
HANARO 글로벌금채굴기업,e=473640,"30,620",15.11,28.68,65.38,127.76,,"31,435","12,534",597,0.15,2024/01/16,195,598,150,2025/01/31,1,0.49
KoAct 미국나스닥성장기업액티브,e=0015B0,"14,560",-0.24,23.13,49.26,,,"15,270","7,510",597,0.50,2025/02/21,410,590,,,,
KoAct 코리아밸류업액티브,e=495230,"17,400",4.79,36.78,56.85,90.04,,"17,792","8,864",592,0.50,2024/11/01,330,581,32,2025/11/28,12,0.18
TIGER 구리실물,e=160580,"14,745",9.55,24.85,25.70,30.49,49.47,"14,745","11,160",590,0.83,2012/12/14,354,575,,,,
TIGER 엔비디아미국채커버드콜밸런스(합성),e=0000D0,"10,155",-0.49,9.73,21.06,,,"10,462","7,773",584,0.39,2024/12/16,575,585,104,2025/11/28,12,1.02
TIGER 글로벌비만치료제TOP2Plus,e=476690,"10,145",7.63,15.32,14.68,0.17,,"10,652","8,001",583,0.45,2024/02/28,560,578,12,2025/11/28,12,0.12
KODEX 미국S&P500테크놀로지,e=463680,"18,780",2.04,17.35,34.12,26.44,,"18,945","11,307",582,0.25,2023/07/28,310,574,23,2025/10/31,4,0.12
1Q 코리아밸류업,e=495330,"16,880",4.59,35.11,53.96,84.30,,"17,178","8,835",574,0.02,2024/11/01,327,566,22,2025/11/28,11,0.13
TIGER 게임TOP10,e=364990,"5,095",-2.86,-10.61,-7.19,-6.92,-13.57,"6,075","4,461",573,0.40,2020/10/06,"1,148",588,10,2025/04/30,1,0.20
UNICORN SK하이닉스밸류체인액티브,e=494220,"20,350",0.77,63.19,86.61,145.48,,"21,505","8,050",570,0.50,2024/11/06,283,553,,,,
TIMEFOLIO 글로벌탑픽액티브,e=0113D0,"10,020",1.73,,,,,"10,185","9,580",566,0.06,2025/10/27,565,566,,,,
KODEX 미국S&P500헬스케어,e=453640,"13,675",5.97,17.60,23.56,10.54,,"14,180","10,883",561,0.25,2023/03/17,410,562,47,2025/10/31,4,0.34
HANARO K-뷰티,e=479850,"14,675",-0.98,-9.97,-2.69,42.66,,"17,710","9,933",558,0.45,2024/04/15,392,553,35,2025/04/30,1,0.24
SOL 한국원자력SMR,e=0092B0,"11,240",8.55,14.23,,,,"12,130","9,190",545,0.45,2025/08/18,485,563,,,,
ACE 라이프자산주주가치액티브,e=494330,"15,635",9.14,14.98,30.16,61.46,,"15,635","9,332",539,0.50,2024/10/14,354,538,100,2025/10/31,3,0.64
1Q 미국메디컬AI,e=0083S0,"12,515",6.51,15.76,,,,"12,875","9,642",538,0.49,2025/07/18,430,541,12,2025/10/31,1,0.10
PLUS 글로벌희토류&전략자원생산기업,e=415920,"7,250",15.45,21.85,96.48,67.46,-16.61,"8,425","3,436",537,0.50,2022/01/14,730,515,5,2025/04/30,1,0.07
KODEX 보험,e=140700,"12,475",-0.44,1.75,17.69,36.74,113.91,"13,390","7,712",536,0.45,2011/04/26,320,549,627,2025/04/30,1,5.03
WON 미국S&P500,e=444490,"19,110",2.91,12.12,25.35,18.31,99.44,"19,120","13,401",535,0.05,2022/09/30,280,534,57,2025/10/31,1,0.30
SOL 미국30년국채액티브(H),e=461600,"8,795",-1.64,0.06,2.69,-5.51,,"9,318","8,315",523,0.05,2023/07/07,595,527,204,2025/11/28,1,2.32
SOL 국제금커버드콜액티브,e=0022T0,"13,850",6.32,22.41,32.80,,,"13,945","9,685",512,0.45,2025/03/07,370,512,46,2025/11/28,8,0.33
ACE 미국10년국채액티브,e=0085P0,"10,795",0.42,6.11,,,,"10,945","9,758",507,0.15,2025/07/18,470,509,33,2025/11/28,4,0.31
TIGER 인버스,e=123310,"2,805",-5.87,-27.43,-37.25,-47.13,-49.37,"5,540","2,790",505,0.022,2010/03/29,"1,800",513,,,,
TIGER 일본엔선물,e=292560,"8,970",0.11,1.13,-0.11,-0.11,-4.37,"9,670","8,715",502,0.25,2018/04/16,560,503,,,,
KODEX 차이나테크TOP10,e=0065G0,"11,350",-1.86,4.65,,,,"12,724","9,577",494,0.45,2025/06/13,435,492,14,2025/10/31,1,0.12
KODEX 일본부동산리츠(H),e=352540,"12,475",-1.16,3.98,14.60,25.24,21.09,"12,980","9,802",474,0.30,2020/05/08,380,478,61,2025/11/28,12,0.49
KoAct 글로벌양자컴퓨팅액티브,e=0020H0,"20,540",-2.84,51.42,68.78,,,"24,145","8,410",472,0.50,2025/03/07,230,477,,,,
WON K-글로벌수급상위,e=0088N0,"11,420",7.23,17.73,,,,"11,610","9,180",468,0.69,2025/08/11,404,464,,,,
HANARO 글로벌생성형AI액티브,e=461340,"28,350",1.76,20.18,39.60,38.75,,"29,420","15,036",468,0.60,2023/07/07,165,467,24,2025/10/31,3,0.08
PLUS 글로벌HBM반도체,e=442580,"38,810",3.88,79.88,116.69,144.22,293.29,"39,145","13,793",466,0.50,2022/09/20,120,452,200,2025/04/30,1,0.52
KoAct 팔란티어밸류체인액티브,e=0093D0,"12,660",-0.55,27.04,,,,"13,430","9,910",462,0.50,2025/08/22,365,460,,,,
KIWOOM 고배당,e=104530,"16,000",5.94,9.36,22.83,50.44,125.23,"16,190","10,224",456,0.19,2008/07/29,200,458,40,2025/11/14,11,0.25
TIMEFOLIO 코리아밸류업액티브,e=495060,"15,705",3.97,28.15,45.69,67.88,,"16,180","8,345",455,0.80,2024/11/01,278,450,,,,
KODEX 차이나심천ChiNext(합성),e=256750,"14,740",0.75,16.06,72.00,45.36,36.48,"14,875","8,000",450,0.47,2016/11/07,305,434,,,,
KODEX 차이나H레버리지(H),e=204450,"2,895",-4.30,-2.03,8.63,44.39,32.49,"3,345","1,814",449,0.64,2014/09/11,"1,550",449,,,,
PLUS 글로벌휴머노이드로봇액티브,e=0035T0,"18,265",14.77,45.60,59.94,,,"18,265","9,765",447,0.45,2025/04/11,245,441,,,,
TIGER 코스닥150바이오테크,e=261070,"17,975",5.02,7.96,29.41,50.61,154.14,"19,345","11,312",442,0.40,2016/12/14,206,451,40,2025/04/30,1,0.22
TIGER 200타겟위클리커버드콜,e=0104N0,"12,165",5.20,,,,,"12,364","9,792",438,0.25,2025/09/19,360,433,71,2025/11/14,2,0.58
WON 미국빌리어네어,e=489290,"16,090",4.18,13.71,31.35,29.29,,"16,090","9,855",434,0.49,2024/08/30,270,430,,,,
ACE 미국배당퀄리티,e=0046Y0,"11,985",3.01,8.93,20.06,,,"12,010","9,899",431,0.15,2025/05/09,360,431,17,2025/11/28,6,0.14
KODEX K방산TOP10레버리지,e=0100K0,"7,840",0.38,,,,,"11,130","6,640",423,0.64,2025/09/15,540,395,,,,
RISE 200선물레버리지,e=252400,"41,610",9.99,78.58,136.89,218.73,224.32,"43,545","11,580",416,0.60,2016/09/08,100,404,,,,
PLUS 우주항공&UAM,e=421320,"21,875",1.63,-2.52,-0.34,75.88,143.92,"24,765","11,584",416,0.45,2022/03/28,195,405,130,2025/04/30,1,0.59
SOL 전고체배터리&실리콘음극재,e=0005D0,"14,240",10.00,36.73,45.08,,,"14,610","8,885",413,0.45,2025/01/06,307,397,,,,
KoAct 미국나스닥채권혼합50액티브,e=0104H0,"10,580",0.00,,,,,"10,785","10,015",413,0.25,2025/09/26,390,409,,,,
RISE 팔란티어고정테크100,e=0047R0,"14,425",2.60,17.27,35.17,,,"14,615","10,372",404,0.20,2025/05/09,275,394,11,2025/09/30,1,0.08
ACE 글로벌자율주행액티브,e=414270,"13,690",-3.08,11.39,25.31,22.34,56.10,"14,325","8,960",404,0.29,2022/02/14,295,400,,,,
DAISHIN343 AI반도체&인프라액티브,e=486240,"14,420",0.77,50.76,72.90,102.73,,"15,425","6,840",404,0.36,2024/06/17,283,397,63,2025/04/30,1,0.44
KODEX 한국대만IT프리미어,e=298770,"40,250",2.80,34.55,62.33,64.67,157.24,"40,995","20,052",403,0.55,2018/06/07,100,396,240,2025/10/31,4,0.60
PLUS 글로벌방산,e=496770,"17,065",-2.85,3.55,8.45,72.91,,"18,510","9,375",401,0.45,2024/11/08,230,396,30,2025/04/30,1,0.18
KODEX 미국달러선물레버리지,e=261250,"17,770",1.72,12.65,19.30,11.80,43.19,"17,955","14,745",398,0.45,2016/12/26,224,399,,,,
ACE MSCI인도네시아(합성),e=256440,"9,040",0.78,5.85,5.55,-9.92,-11.29,"10,325","7,875",398,0.70,2016/10/27,440,405,,,,
TIGER 200 헬스케어,e=227540,"22,330",3.81,11.37,20.38,18.95,31.86,"22,975","17,159",393,0.40,2015/09/22,331,396,65,2025/04/30,1,0.29
PLUS 미국S&P500미국채혼합50액티브,e=0057H0,"11,675",1.92,9.03,,,,"11,705","9,986",385,0.15,2025/06/05,330,385,53,2025/10/31,1,0.45
ACE 미국달러단기채권액티브,e=440650,"12,410",0.85,6.20,9.92,7.49,26.18,"12,480","11,245",385,0.30,2022/08/22,310,385,,,,
SOL 반도체전공정,e=475300,"11,325",-2.29,27.32,46.79,69.46,,"12,455","6,454",379,0.45,2024/02/13,359,378,40,2025/04/30,1,0.35
PLUS 태양광&ESS,e=457990,"22,840",4.58,38.21,51.81,166.82,,"24,525","8,223",377,0.45,2023/06/19,167,371,100,2025/04/30,1,0.44
PLUS 코스피50,e=122090,"41,850",5.70,41.35,65.03,89.53,110.07,"42,540","21,027",377,0.33,2010/01/07,134,371,85,2025/10/31,4,0.20
ACE 코스닥150,e=354500,"16,080",5.30,17.12,31.00,41.22,58.22,"16,275","10,639",370,0.02,2020/05/06,233,365,40,2025/04/30,1,0.25
KODEX 미국S&P500액티브,e=0041E0,"14,210",2.53,15.12,30.44,,,"14,245","9,753",369,0.45,2025/04/17,260,369,30,2025/10/31,2,0.21
SOL 미국AI반도체칩메이커,e=479620,"15,585",1.20,29.39,54.77,46.20,,"15,910","6,914",366,0.45,2024/04/12,235,360,46,2025/04/30,1,0.30
WON 미국우주항공방산,e=440910,"23,365",-0.17,12.56,29.00,39.75,143.44,"24,840","13,625",362,0.35,2022/08/25,155,365,45,2025/10/31,1,0.19
TIGER 차이나항셍테크레버리지(합성 H),e=438320,"8,960",-7.01,-6.08,8.61,31.76,-0.55,"12,725","5,930",362,0.58,2022/08/19,404,356,,,,
KODEX 차이나2차전지MSCI(합성),e=419430,"10,940",-2.58,21.69,67.02,65.13,22.58,"11,535","5,960",361,0.25,2022/03/18,330,354,,,,
SOL 미국S&P500미국채혼합50,e=0080X0,"11,265",1.67,8.77,,,,"11,310","9,944",360,0.15,2025/07/11,320,361,11,2025/11/14,3,0.10
KODEX 일본TOPIX100,e=101280,"27,225",2.08,10.71,23.08,24.36,84.05,"27,280","19,479",359,0.19,2008/02/20,113,363,182,2025/10/31,3,0.67
TIGER 글로벌AI사이버보안,e=418670,"14,475",-1.70,0.42,-2.56,-2.33,62.55,"16,465","12,990",359,0.49,2022/02/18,248,357,,,,
KODEX 미국S&P500배당귀족커버드콜(합성 H),e=276970,"7,595",3.05,-1.28,-0.55,-8.92,-3.14,"8,263","7,273",357,0.30,2017/08/09,470,359,116,2025/09/24,4,1.53
HANARO 증권고배당TOP3플러스,e=0111J0,"9,900",1.75,,,,,"10,725","9,450",356,0.07,2025/10/27,374,359,,,,
KODEX 건설,e=117700,"4,050",5.88,-0.12,-0.37,48.14,48.08,"4,585","2,582",356,0.45,2009/10/30,469,364,59,2025/04/30,1,1.46
KODEX IT,e=266370,"29,580",6.38,56.09,87.69,106.75,93.21,"30,030","13,153",355,0.45,2017/03/27,118,347,197,2025/04/30,1,0.67
KODEX 게임산업,e=300950,"6,205",-2.97,-9.55,-10.72,-12.51,-21.58,"7,640","5,998",347,0.45,2018/07/23,539,355,34,2025/04/30,1,0.55
KODEX 미국러셀2000(H),e=280930,"14,700",3.67,4.29,18.17,1.69,27.49,"14,855","10,280",345,0.45,2017/11/07,235,346,,,,
ACE 미국하이일드액티브(H),e=455660,"9,830",0.71,0.51,2.50,2.93,,"9,840","9,086",344,0.24,2023/04/14,350,343,54,2025/11/28,12,0.55
KIWOOM 미국S&P500(H),e=449780,"17,045",2.19,5.79,14.49,11.68,,"17,135","12,190",341,0.04,2022/12/16,200,340,41,2025/10/31,3,0.24
KODEX KRX300레버리지,e=306950,"33,995",8.42,74.02,129.31,199.78,214.91,"35,730","9,965",340,0.64,2018/10/15,100,336,,,,
1Q K소버린AI,e=0103T0,"10,100",-0.39,,,,,"10,770","9,680",338,0.49,2025/09/29,351,341,,,,
TIGER 코리아배당다우존스위클리커버드콜,e=0104P0,"10,570",8.46,,,,,"10,655","9,318",338,0.25,2025/09/19,319,342,98,2025/11/28,2,0.93
KODEX 차이나AI테크액티브,e=428510,"16,320",-2.28,12.42,43.37,41.44,69.77,"17,575","10,559",335,0.50,2022/05/13,205,326,13,2025/10/31,1,0.08
RISE 테슬라미국채타겟커버드콜혼합(합성),e=0013R0,"10,115",0.16,14.19,23.64,,,"10,178","7,700",334,0.25,2025/02/14,330,334,109,2025/11/28,9,1.08
KODEX 미국부동산리츠(H),e=352560,"11,680",0.77,-2.09,0.88,-4.60,11.37,"12,263","10,238",333,0.09,2020/05/08,285,333,33,2025/11/28,12,0.28
TIGER 200 금융,e=139270,"12,775",2.08,12.47,24.50,53.31,140.81,"13,350","7,475",332,0.40,2011/04/06,237,339,60,2025/10/31,4,0.47
KODEX KRX300,e=292190,"27,430",5.74,34.79,55.41,83.60,104.72,"27,745","14,378",329,0.05,2018/03/23,174,324,349,2025/04/30,1,1.27
SOL 미국배당다우존스2호,e=493420,"10,910",5.00,6.33,15.09,1.76,,"10,975","9,474",327,0.01,2024/10/04,280,307,22,2025/11/14,6,0.20
RISE 글로벌리얼티인컴,e=475380,"10,540",2.03,4.85,6.52,2.92,,"10,590","9,568",327,0.01,2024/02/15,310,326,34,2025/11/28,12,0.32
KODEX 미국테크TOP3플러스,e=491090,"16,900",2.64,18.00,42.68,34.35,,"16,965","9,362",321,0.30,2024/09/06,190,320,14,2025/10/31,3,0.08
ACE TDF2050액티브,e=0021E0,"12,020",2.69,10.12,20.08,,,"12,020","9,125",319,0.35,2025/03/07,265,316,,,,
RISE 코리아금융고배당,e=498860,"14,985",2.60,11.23,27.89,,,"15,810","8,715",315,0.10,2024/12/09,196,319,61,2025/11/14,11,0.41
KODEX iShares미국투자등급회사채액티브,e=468630,"12,045",1.09,6.22,13.05,7.81,,"12,115","10,474",314,0.10,2023/10/17,261,315,40,2025/11/28,12,0.33
TIGER 200 건설,e=139220,"4,815",11.20,12.11,14.23,86.01,86.99,"4,855","2,441",314,0.40,2011/04/06,463,315,50,2025/04/30,1,1.04
RISE 게임테마,e=300640,"7,745",-0.19,-7.80,-8.18,-11.81,-20.93,"9,755","7,178",314,0.30,2018/07/23,388,319,30,2025/04/30,1,0.39
TIGER 미국AI반도체팹리스,e=491830,"16,010",-0.09,21.87,47.34,45.21,,"17,085","7,527",312,0.49,2024/09/20,190,301,13,2025/10/31,4,0.08
PLUS TDF2060액티브,e=433880,"17,790",2.60,10.61,21.45,19.34,75.74,"17,820","13,279",311,0.20,2022/06/28,175,308,35,2025/10/31,2,0.20
KoAct AI인프라액티브,e=487130,"15,510",-0.86,39.42,71.10,109.31,,"16,675","6,885",310,0.50,2024/07/08,202,310,,,,
KODEX 에너지화학,e=117460,"13,715",2.35,21.10,38.19,42.23,-6.70,"14,760","8,353",307,0.45,2009/10/12,180,303,110,2025/04/30,1,0.80
RISE 미국30년국채액티브,e=481340,"10,000",-1.14,5.20,10.90,-2.91,,"10,615","8,744",305,0.05,2024/05/24,305,307,39,2025/11/28,12,0.39
KODEX 글로벌로봇(합성),e=276990,"24,060",4.47,16.43,33.26,26.60,62.90,"24,075","15,310",302,0.30,2017/08/16,125,299,,,,
